name,time,message_mov
Movement_count,1709964527839359679,1
Movement_count,1709964532851433434,1
Movement_count,1709964557871425015,1
Movement_count,1709965134692336012,1
Movement_count,1709965214875471148,1
Movement_count,1709965300174630500,1
Movement_count,1709965483149016756,1
Movement_count,1709965603871899799,1
Movement_count,1709965616556042304,1
Movement_count,1710004986131715864,1
Movement_count,1710005075339334814,1
Movement_count,1710005105345619239,1
Movement_count,1710005170726773999,1
Movement_count,1710005180671327211,1
Movement_count,1710005200717813810,1
Movement_count,1710005210882822055,1
Movement_count,1710005271063125831,1
Movement_count,1710005275957760858,1
Movement_count,1710005381854697236,1
Movement_count,1710005391838673713,1
Movement_count,1710005632318087094,1
Movement_count,1710005647316360609,1
Movement_count,1710005777491936298,1
Movement_count,1710005782506926318,1
Movement_count,1710006347845471224,1
Movement_count,1710006622984563781,1
Movement_count,1710006894039510063,1
Movement_count,1710006903819364011,1
Movement_count,1710006939057247043,1
Movement_count,1710006948803605380,1
Movement_count,1710007089949680305,1
Movement_count,1710007219188815848,1
Movement_count,1710009190031607579,1
Movement_count,1710009195016763086,1
Movement_count,1710009570353600421,1
Movement_count,1710009575350811317,1
Movement_count,1710009675460200994,1
Movement_count,1710009680508446501,1
Movement_count,1710010320995731239,1
Movement_count,1710010326050236833,1
Movement_count,1710010586139823877,1
Movement_count,1710010591111772218,1
Movement_count,1710015635564864032,1
Movement_count,1710015646368840082,1
Movement_count,1710015720633095837,1
Movement_count,1710015730614302282,1
Movement_count,1710016086589701766,1
Movement_count,1710016095942784431,1
Movement_count,1710016100666393770,1
Movement_count,1710016115926186385,1
Movement_count,1710016155989863389,1
Movement_count,1710016160746711210,1
Movement_count,1710016166794201790,1
Movement_count,1710016170768994228,1
Movement_count,1710056147444482388,1
Movement_count,1710056155729472318,1
Movement_count,1710056161579762414,1
Movement_count,1710056165936874196,1
Movement_count,1710056225755429141,1
Movement_count,1710056255770629640,1
Movement_count,1710056260871353368,1
Movement_count,1710056275843128210,1
Movement_count,1710056280796780563,1
Movement_count,1710056285823502658,1
Movement_count,1710056325910016207,1
Movement_count,1710056330834128923,1
Movement_count,1710056335857939380,1
Movement_count,1710056395910202468,1
Movement_count,1710056400890492273,1
Movement_count,1710056410906368040,1
Movement_count,1710056470956773172,1
Movement_count,1710056475942040135,1
Movement_count,1710056485959548453,1
Movement_count,1710056490956287639,1
Movement_count,1710056495974118996,1
Movement_count,1710056500979014174,1
Movement_count,1710056530994110856,1
Movement_count,1710056535972716134,1
Movement_count,1710056555983800801,1
Movement_count,1710056561002684150,1
Movement_count,1710056576006246265,1
Movement_count,1710056581015949031,1
Movement_count,1710056586025418242,1
Movement_count,1710056596000220545,1
Movement_count,1710056646038636244,1
Movement_count,1710056651038779854,1
Movement_count,1710056676047880092,1
Movement_count,1710056681053642385,1
Movement_count,1710056696077435149,1
Movement_count,1710056706107428927,1
Movement_count,1710056711088631008,1
Movement_count,1710056716095497527,1
Movement_count,1710056756102126706,1
Movement_count,1710056761092333277,1
Movement_count,1710056766141890250,1
Movement_count,1710056771100832323,1
Movement_count,1710056776131759676,1
Movement_count,1710056786139351238,1
Movement_count,1710056791153377778,1
Movement_count,1710056816135122171,1
Movement_count,1710056826142049897,1
Movement_count,1710056831129475979,1
Movement_count,1710057191258701959,1
Movement_count,1710057196258948854,1
Movement_count,1710057246650001428,1
Movement_count,1710057266329890263,1
Movement_count,1710057271334001342,1
Movement_count,1710057281328897031,1
Movement_count,1710057286331556100,1
Movement_count,1710057306339636542,1
Movement_count,1710057311335619489,1
Movement_count,1710057316351616477,1
Movement_count,1710057331341135449,1
Movement_count,1710057336341482308,1
Movement_count,1710057341338749721,1
Movement_count,1710057346352766839,1
Movement_count,1710057351344407316,1
Movement_count,1710057366375133980,1
Movement_count,1710057371356032073,1
Movement_count,1710057396353212183,1
Movement_count,1710057406363178684,1
Movement_count,1710057416360155339,1
Movement_count,1710057421352616094,1
Movement_count,1710057436378019163,1
Movement_count,1710057446390105259,1
Movement_count,1710057476394474018,1
Movement_count,1710057481407280408,1
Movement_count,1710057526430223261,1
Movement_count,1710057531415837413,1
Movement_count,1710057536414726418,1
Movement_count,1710057541417398658,1
Movement_count,1710057551438631586,1
Movement_count,1710057556428821754,1
Movement_count,1710057561431192419,1
Movement_count,1710057566434825294,1
Movement_count,1710057586450910932,1
Movement_count,1710057591456264346,1
Movement_count,1710057626464973089,1
Movement_count,1710057631466376428,1
Movement_count,1710057636492540769,1
Movement_count,1710057651464090406,1
Movement_count,1710057671482846025,1
Movement_count,1710057676508510701,1
Movement_count,1710057726534526609,1
Movement_count,1710057736526921598,1
Movement_count,1710057771534809171,1
Movement_count,1710057786541032231,1
Movement_count,1710057791560357574,1
Movement_count,1710057796553870920,1
Movement_count,1710057806563081134,1
Movement_count,1710057836549666033,1
Movement_count,1710057866624574917,1
Movement_count,1710057886598678760,1
Movement_count,1710057906609795269,1
Movement_count,1710057911609628966,1
Movement_count,1710057916620660928,1
Movement_count,1710057921615344605,1
Movement_count,1710057966627335218,1
Movement_count,1710057971634976055,1
Movement_count,1710057991647843380,1
Movement_count,1710058006643647713,1
Movement_count,1710058016648809445,1
Movement_count,1710058026695337733,1
Movement_count,1710058036659333622,1
Movement_count,1710058051667999736,1
Movement_count,1710058066681334381,1
Movement_count,1710058071683734594,1
Movement_count,1710058096705260638,1
Movement_count,1710058101717470786,1
Movement_count,1710058116694760431,1
Movement_count,1710058121703395934,1
Movement_count,1710058146728959539,1
Movement_count,1710058151723832810,1
Movement_count,1710058156723918368,1
Movement_count,1710058161743998749,1
Movement_count,1710058176721320876,1
Movement_count,1710058181737511291,1
Movement_count,1710058231755211411,1
Movement_count,1710058251766391487,1
Movement_count,1710058256773131492,1
Movement_count,1710058261774320295,1
Movement_count,1710058271772223544,1
Movement_count,1710058286787539008,1
Movement_count,1710058297012041805,1
Movement_count,1710058302577519968,1
Movement_count,1710058307573596713,1
Movement_count,1710058312571740969,1
Movement_count,1710058322580350052,1
Movement_count,1710058327573150658,1
Movement_count,1710058347606085704,1
Movement_count,1710058352585720490,1
Movement_count,1710058407697068703,1
Movement_count,1710058422709673787,1
Movement_count,1710058427705416460,1
Movement_count,1710058492728580798,1
Movement_count,1710058507724020986,1
Movement_count,1710058512724473972,1
Movement_count,1710058527726026928,1
Movement_count,1710058538444511785,1
Movement_count,1710058542750025515,1
Movement_count,1710058552729314188,1
Movement_count,1710058572747610359,1
Movement_count,1710058607762611389,1
Movement_count,1710058612747332598,1
Movement_count,1710058677760436573,1
Movement_count,1710058682755740334,1
Movement_count,1710058737800514054,1
Movement_count,1710058742823155375,1
Movement_count,1710058797859711289,1
Movement_count,1710058807873614064,1
Movement_count,1710058832905995102,1
Movement_count,1710058837884784107,1
Movement_count,1710058852942090350,1
Movement_count,1710058857932287389,1
Movement_count,1710058872971515833,1
Movement_count,1710058877938475808,1
Movement_count,1710058882960682729,1
Movement_count,1710058887956622665,1
Movement_count,1710058892954321729,1
Movement_count,1710058902990299345,1
Movement_count,1710058942997448352,1
Movement_count,1710058947994315220,1
Movement_count,1710058953004912740,1
Movement_count,1710058957995088837,1
Movement_count,1710058963045366853,1
Movement_count,1710058968015292521,1
Movement_count,1710058973025408775,1
Movement_count,1710058978021059344,1
Movement_count,1710058993031758370,1
Movement_count,1710058998026039634,1
Movement_count,1710059003050298161,1
Movement_count,1710059008031945387,1
Movement_count,1710059043060454113,1
Movement_count,1710059048067655932,1
Movement_count,1710059053060140328,1
Movement_count,1710059058056130318,1
Movement_count,1710059063085805982,1
Movement_count,1710059068060466438,1
Movement_count,1710059073097830417,1
Movement_count,1710059088068792473,1
Movement_count,1710059258117998155,1
Movement_count,1710059263123001914,1
Movement_count,1710059268116392673,1
Movement_count,1710059273218805778,1
Movement_count,1710059278125743576,1
Movement_count,1710059363170882770,1
Movement_count,1710059373173116029,1
Movement_count,1710059383168616762,1
Movement_count,1710059408168660637,1
Movement_count,1710059413170607127,1
Movement_count,1710059418171698824,1
Movement_count,1710059423171746510,1
Movement_count,1710059433171459884,1
Movement_count,1710059438172822906,1
Movement_count,1710059443182983585,1
Movement_count,1710059453176993850,1
Movement_count,1710059458173205196,1
Movement_count,1710059468175524477,1
Movement_count,1710059488190415880,1
Movement_count,1710059493199628127,1
Movement_count,1710059508188655451,1
Movement_count,1710059513205130736,1
Movement_count,1710059528205929920,1
Movement_count,1710059533200170619,1
Movement_count,1710059548199559729,1
Movement_count,1710059558202591017,1
Movement_count,1710059563212708677,1
Movement_count,1710059578212526697,1
Movement_count,1710059583216476710,1
Movement_count,1710059593214777090,1
Movement_count,1710059603225180355,1
Movement_count,1710059613222939276,1
Movement_count,1710059633221825548,1
Movement_count,1710059638210541240,1
Movement_count,1710059648213789261,1
Movement_count,1710059668218735657,1
Movement_count,1710059673221432685,1
Movement_count,1710059678217364772,1
Movement_count,1710059688240538051,1
Movement_count,1710059698231057890,1
Movement_count,1710059703234283152,1
Movement_count,1710059708231172322,1
Movement_count,1710059718229812699,1
Movement_count,1710059723240652977,1
Movement_count,1710059728228474531,1
Movement_count,1710059733257286912,1
Movement_count,1710059748231661539,1
Movement_count,1710059758232032772,1
Movement_count,1710059768245080656,1
Movement_count,1710059773240925359,1
Movement_count,1710059778239618873,1
Movement_count,1710059788246688218,1
Movement_count,1710059793249726050,1
Movement_count,1710059798243963685,1
Movement_count,1710059803258828383,1
Movement_count,1710059813249575260,1
Movement_count,1710059823263494721,1
Movement_count,1710059838249130659,1
Movement_count,1710059843262028710,1
Movement_count,1710059848249086897,1
Movement_count,1710059853251597848,1
Movement_count,1710059858252234815,1
Movement_count,1710059868255369269,1
Movement_count,1710059878256560943,1
Movement_count,1710059888259258779,1
Movement_count,1710059893256247718,1
Movement_count,1710059898258731338,1
Movement_count,1710059903267663124,1
Movement_count,1710059908258362092,1
Movement_count,1710059923269899187,1
Movement_count,1710059928256820637,1
Movement_count,1710059933263294882,1
Movement_count,1710059948297800515,1
Movement_count,1710059953266016035,1
Movement_count,1710059968268867158,1
Movement_count,1710059973265401159,1
Movement_count,1710059983263264500,1
Movement_count,1710059988266130863,1
Movement_count,1710059993282164632,1
Movement_count,1710059998263832524,1
Movement_count,1710060008268508015,1
Movement_count,1710060018271398156,1
Movement_count,1710060023269795890,1
Movement_count,1710060038269771554,1
Movement_count,1710060043281981055,1
Movement_count,1710060048279195479,1
Movement_count,1710060053276374916,1
Movement_count,1710060058277136850,1
Movement_count,1710060063283631690,1
Movement_count,1710060078297491988,1
Movement_count,1710060083287261690,1
Movement_count,1710060158315060144,1
Movement_count,1710060163301218678,1
Movement_count,1710060278316306724,1
Movement_count,1710060283318319414,1
Movement_count,1710060338344439416,1
Movement_count,1710060343321503536,1
Movement_count,1710060363326550214,1
Movement_count,1710060368333311650,1
Movement_count,1710060373325866094,1
Movement_count,1710060378326363497,1
Movement_count,1710060383363079274,1
Movement_count,1710060388338657964,1
Movement_count,1710060418346863989,1
Movement_count,1710060423346202567,1
Movement_count,1710060543396214699,1
Movement_count,1710060548391440902,1
Movement_count,1710060583402497227,1
Movement_count,1710060588399134181,1
Movement_count,1710060598404964257,1
Movement_count,1710060603425457262,1
Movement_count,1710060618403043718,1
Movement_count,1710060623427776246,1
Movement_count,1710060653415727269,1
Movement_count,1710060668419298198,1
Movement_count,1710060678429413805,1
Movement_count,1710060683418270479,1
Movement_count,1710060718425898322,1
Movement_count,1710060723450054757,1
Movement_count,1710060733462786287,1
Movement_count,1710060738430100746,1
Movement_count,1710060783435941312,1
Movement_count,1710060788433259834,1
Movement_count,1710060878462343075,1
Movement_count,1710060883455625681,1
Movement_count,1710061003477645332,1
Movement_count,1710061008460576856,1
Movement_count,1710061038470585876,1
Movement_count,1710061043469892033,1
Movement_count,1710061088473295395,1
Movement_count,1710061093474977469,1
Movement_count,1710061098471522849,1
Movement_count,1710061103476917385,1
Movement_count,1710061143482943661,1
Movement_count,1710061153486596032,1
Movement_count,1710061158510010725,1
Movement_count,1710061163485926394,1
Movement_count,1710061188492023721,1
Movement_count,1710061193501822945,1
Movement_count,1710061198493110363,1
Movement_count,1710061203503339416,1
Movement_count,1710061238504665507,1
Movement_count,1710061243523552301,1
Movement_count,1710061248508774627,1
Movement_count,1710061263516546698,1
Movement_count,1710061268509145291,1
Movement_count,1710061278511317031,1
Movement_count,1710061318534520907,1
Movement_count,1710061323542197279,1
Movement_count,1710061363554751698,1
Movement_count,1710061368541360145,1
Movement_count,1710061373567574078,1
Movement_count,1710061378558185383,1
Movement_count,1710061383561884075,1
Movement_count,1710061388553684497,1
Movement_count,1710061408558551732,1
Movement_count,1710061413566205797,1
Movement_count,1710061453571321466,1
Movement_count,1710061463601946912,1
Movement_count,1710061498581332489,1
Movement_count,1710061508588016985,1
Movement_count,1710061553607716999,1
Movement_count,1710061578601066455,1
Movement_count,1710061583602678446,1
Movement_count,1710061603610661560,1
Movement_count,1710061618606135307,1
Movement_count,1710061623612232943,1
Movement_count,1710061638603571893,1
Movement_count,1710061643610339939,1
Movement_count,1710061648604894416,1
Movement_count,1710061653618435382,1
Movement_count,1710061658611167650,1
Movement_count,1710061668614141152,1
Movement_count,1710061678614095289,1
Movement_count,1710061683613782833,1
Movement_count,1710061688613997550,1
Movement_count,1710061718622575098,1
Movement_count,1710061728625586891,1
Movement_count,1710061738626249426,1
Movement_count,1710061743629401969,1
Movement_count,1710061753629772717,1
Movement_count,1710061758630256953,1
Movement_count,1710061768626350565,1
Movement_count,1710061773632826936,1
Movement_count,1710061778665407537,1
Movement_count,1710061783635443014,1
Movement_count,1710061788629276894,1
Movement_count,1710061793637574728,1
Movement_count,1710061798638697157,1
Movement_count,1710061808637221529,1
Movement_count,1710061818643385263,1
Movement_count,1710061833654905731,1
Movement_count,1710061838646780871,1
Movement_count,1710061848645873835,1
Movement_count,1710061858660531502,1
Movement_count,1710061863655969189,1
Movement_count,1710061868647200838,1
Movement_count,1710061883663480075,1
Movement_count,1710061888654482471,1
Movement_count,1710061893724098146,1
Movement_count,1710061898656706130,1
Movement_count,1710061903657080502,1
Movement_count,1710061908661641362,1
Movement_count,1710061913665378779,1
Movement_count,1710061918671218472,1
Movement_count,1710061923663390389,1
Movement_count,1710061928660985614,1
Movement_count,1710061938660898212,1
Movement_count,1710061943663571939,1
Movement_count,1710061948696955401,1
Movement_count,1710061963671216361,1
Movement_count,1710061973668725371,1
Movement_count,1710061978677946679,1
Movement_count,1710061983673243443,1
Movement_count,1710061988671686439,1
Movement_count,1710061993671551923,1
Movement_count,1710061998677770818,1
Movement_count,1710062013691143309,1
Movement_count,1710062018674059648,1
Movement_count,1710062033682872386,1
Movement_count,1710062038680446828,1
Movement_count,1710062043708877880,1
Movement_count,1710062053692899997,1
Movement_count,1710062058694462161,1
Movement_count,1710062063730610715,1
Movement_count,1710062068694495803,1
Movement_count,1710062083724130159,1
Movement_count,1710062088702830539,1
Movement_count,1710062113703006323,1
Movement_count,1710062118715119683,1
Movement_count,1710062128699636155,1
Movement_count,1710062133703594526,1
Movement_count,1710062138700045312,1
Movement_count,1710062143702262012,1
Movement_count,1710062148700546115,1
Movement_count,1710062153703921915,1
Movement_count,1710062158699622943,1
Movement_count,1710062178699768304,1
Movement_count,1710062183704547038,1
Movement_count,1710062188703650213,1
Movement_count,1710062213706770766,1
Movement_count,1710062218704867637,1
Movement_count,1710062228708279484,1
Movement_count,1710062238715377401,1
Movement_count,1710062243706555061,1
Movement_count,1710062253713959270,1
Movement_count,1710062258709007356,1
Movement_count,1710062268709651061,1
Movement_count,1710062273716437153,1
Movement_count,1710062278713699286,1
Movement_count,1710062283722167487,1
Movement_count,1710062293721614957,1
Movement_count,1710062353762374126,1
Movement_count,1710062358725090261,1
Movement_count,1710062363724614846,1
Movement_count,1710062368726162443,1
Movement_count,1710062373733934984,1
Movement_count,1710062398732510266,1
Movement_count,1710062403772626709,1
Movement_count,1710062408725747089,1
Movement_count,1710062413734793374,1
Movement_count,1710062418729144298,1
Movement_count,1710062423743055546,1
Movement_count,1710062428749331697,1
Movement_count,1710062433740041866,1
Movement_count,1710062438734681528,1
Movement_count,1710062468741612595,1
Movement_count,1710062478746230991,1
Movement_count,1710062488742086203,1
Movement_count,1710062493749453638,1
Movement_count,1710062498745192771,1
Movement_count,1710062513747144409,1
Movement_count,1710062518744277572,1
Movement_count,1710062553755762653,1
Movement_count,1710062558755363986,1
Movement_count,1710062563763092597,1
Movement_count,1710062568754057929,1
Movement_count,1710062573768324803,1
Movement_count,1710062578760817206,1
Movement_count,1710062583759065173,1
Movement_count,1710062588763435113,1
Movement_count,1710062593762406616,1
Movement_count,1710062598755846039,1
Movement_count,1710062613767607724,1
Movement_count,1710062633773151322,1
Movement_count,1710062638764061243,1
Movement_count,1710062653776424352,1
Movement_count,1710062658768252641,1
Movement_count,1710062663781964202,1
Movement_count,1710062668774467202,1
Movement_count,1710062673782256086,1
Movement_count,1710062678778092235,1
Movement_count,1710062683772955223,1
Movement_count,1710062688806240582,1
Movement_count,1710062693780201281,1
Movement_count,1710062698792619456,1
Movement_count,1710062703775695338,1
Movement_count,1710062718775954243,1
Movement_count,1710062723786673457,1
Movement_count,1710062728776168186,1
Movement_count,1710062758781523403,1
Movement_count,1710062763779223719,1
Movement_count,1710062768777222708,1
Movement_count,1710062773781536406,1
Movement_count,1710062778783853418,1
Movement_count,1710062783806124496,1
Movement_count,1710062818789044183,1
Movement_count,1710062823793852170,1
Movement_count,1710062883801024997,1
Movement_count,1710062893801801409,1
Movement_count,1710062898797119196,1
Movement_count,1710062903801081234,1
Movement_count,1710062933812678491,1
Movement_count,1710062938805105002,1
Movement_count,1710062963816388027,1
Movement_count,1710062968817415770,1
Movement_count,1710062978811276641,1
Movement_count,1710062983820587761,1
Movement_count,1710062988865740379,1
Movement_count,1710062998814699950,1
Movement_count,1710063003825022800,1
Movement_count,1710063008814718975,1
Movement_count,1710063013829034536,1
Movement_count,1710063033837056986,1
Movement_count,1710063038831538451,1
Movement_count,1710063048852143374,1
Movement_count,1710063058830419561,1
Movement_count,1710063063846536861,1
Movement_count,1710063068836825940,1
Movement_count,1710063073845779211,1
Movement_count,1710063088840976186,1
Movement_count,1710063093847539300,1
Movement_count,1710063108866588925,1
Movement_count,1710063113850238960,1
Movement_count,1710063118847171794,1
Movement_count,1710063143850038962,1
Movement_count,1710063158841337215,1
Movement_count,1710063168875017267,1
Movement_count,1710063178856002242,1
Movement_count,1710063184524637592,1
Movement_count,1710063189525403667,1
Movement_count,1710063194508922872,1
Movement_count,1710063199543351985,1
Movement_count,1710063204967878704,1
Movement_count,1710063209970547351,1
Movement_count,1710063220814228798,1
